cell	seurat_clusters	celltype
c0	11	Oligo
c1	5	Astro
c2	5	Astro
c3	6	eL4
c4	10	eL2/3
c5	11	Oligo
c6	11	Oligo
c7	11	Oligo
c8	2	eL6
c9	6	eL4
c10	1	Endo
c11	1	Endo
c12	9	eL2/3
c13	11	Oligo
c14	2	eL6
c15	4	eL5
c16	2	eL6
c17	11	Oligo
c18	1	Endo
c19	9	eL2/3
c20	4	eL5
c21	4	eL5
c22	12	Micro
c23	6	eL4
c24	7	eL4
c25	7	eL4
c26	9	eL2/3
c27	4	eL5
c28	2	eL6
c29	1	Endo
c30	3	Oligo
c31	1	Endo
c32	5	Astro
c33	2	eL6
c34	6	eL4
c35	7	eL4
c36	2	eL6
c37	6	eL4
c38	5	Astro
c39	9	eL2/3
c40	1	Endo
c41	7	eL4
c42	4	eL5
c43	7	eL4
c44	12	Micro
c45	1	Endo
c46	7	eL4
c47	5	Astro
c48	4	eL5
c49	4	eL5
c50	3	Oligo
c51	2	eL6
c52	4	eL5
c53	4	eL5
c54	3	Oligo
c55	3	Oligo
c56	9	eL2/3
c57	1	Endo
c58	11	Oligo
c59	6	eL4
c60	12	Micro
c61	9	eL2/3
c62	1	Endo
c63	9	eL2/3
c64	2	eL6
c65	1	Endo
c66	7	eL4
c67	5	Astro
c68	3	Oligo
c69	2	eL6
c70	6	eL4
c71	3	Oligo
c72	7	eL4
c73	11	Oligo
c74	1	Endo
c75	7	eL4
c76	6	eL4
c77	9	eL2/3
c78	2	eL6
c79	5	Astro
c80	9	eL2/3
c81	12	Micro
c82	3	Oligo
c83	3	Oligo
c84	4	eL5
c85	3	Oligo
c86	4	eL5
c87	9	eL2/3
c88	3	Oligo
c89	8sub3	VIP
c90	12	Micro
c91	3	Oligo
c92	6	eL4
c93	6	eL4
c94	2	eL6
c95	6	eL4
c96	2	eL6
c97	5	Astro
c98	12	Micro
c99	6	eL4
c100	2	eL6
c101	1	Endo
c102	9	eL2/3
c103	5	Astro
c104	9	eL2/3
c105	6	eL4
c106	7	eL4
c107	3	Oligo
c108	1	Endo
c109	4	eL5
c110	4	eL5
c111	1	Endo
c112	2	eL6
c113	8sub1	PVALB
c114	7	eL4
c115	3	Oligo
c116	6	eL4
c117	4	eL5
c118	7	eL4
c119	11	Oligo
c120	2	eL6
c121	3	Oligo
c122	8sub2	SST
c123	8sub2	SST
c124	4	eL5
c125	7	eL4
c126	6	eL4
c127	1	Endo
c128	6	eL4
c129	5	Astro
c130	8sub2	SST
c131	3	Oligo
c132	11	Oligo
c133	5	Astro
c134	12	Micro
c135	4	eL5
c136	3	Oligo
c137	4	eL5
c138	7	eL4
c139	4	eL5
c140	3	Oligo
c141	4	eL5
c142	1	Endo
c143	8sub2	SST
c144	7	eL4
c145	9	eL2/3
c146	3	Oligo
c147	1	Endo
c148	10	eL2/3
c149	11	Oligo
c150	5	Astro
c151	2	eL6
c152	10	eL2/3
c153	7	eL4
c154	2	eL6
c155	7	eL4
c156	4	eL5
c157	1	Endo
c158	3	Oligo
c159	4	eL5
c160	3	Oligo
c161	2	eL6
c162	3	Oligo
c163	12	Micro
c164	1	Endo
c165	1	Endo
c166	8sub2	SST
c167	2	eL6
c168	12	Micro
c169	8sub2	SST
c170	7	eL4
c171	1	Endo
c172	7	eL4
c173	5	Astro
c174	1	Endo
c175	1	Endo
c176	4	eL5
c177	12	Micro
c178	3	Oligo
c179	4	eL5
c180	5	Astro
c181	4	eL5
c182	7	eL4
c183	9	eL2/3
c184	4	eL5
c185	6	eL4
c186	1	Endo
c187	4	eL5
c188	1	Endo
c189	1	Endo
c190	9	eL2/3
c191	4	eL5
c192	6	eL4
c193	8sub6	PVALB
c194	8sub5	NPY
c195	5	Astro
c196	5	Astro
c197	2	eL6
c198	1	Endo
c199	5	Astro
c200	1	Endo
c201	11	Oligo
c202	3	Oligo
c203	4	eL5
c204	4	eL5
c205	8sub1	PVALB
c206	1	Endo
c207	1	Endo
c208	1	Endo
c209	7	eL4
c210	2	eL6
c211	1	Endo
c212	5	Astro
c213	1	Endo
c214	7	eL4
c215	1	Endo
c216	9	eL2/3
c217	2	eL6
c218	1	Endo
c219	6	eL4
c220	2	eL6
c221	9	eL2/3
c222	9	eL2/3
c223	2	eL6
c224	1	Endo
c225	4	eL5
c226	2	eL6
c227	7	eL4
c228	5	Astro
c229	2	eL6
c230	1	Endo
c231	1	Endo
c232	2	eL6
c233	5	Astro
c234	4	eL5
c235	8sub2	SST
c236	8sub1	PVALB
c237	9	eL2/3
c238	5	Astro
c239	5	Astro
c240	1	Endo
c241	9	eL2/3
c242	1	Endo
c243	9	eL2/3
c244	12	Micro
c245	11	Oligo
c246	1	Endo
c247	1	Endo
c248	1	Endo
c249	1	Endo
c250	11	Oligo
c251	4	eL5
c252	9	eL2/3
c253	3	Oligo
c254	4	eL5
c255	7	eL4
c256	7	eL4
c257	5	Astro
c258	1	Endo
c259	11	Oligo
c260	1	Endo
c261	4	eL5
c262	2	eL6
c263	1	Endo
c264	3	Oligo
c265	4	eL5
c266	3	Oligo
c267	11	Oligo
c268	2	eL6
c269	5	Astro
c270	2	eL6
c271	10	eL2/3
c272	1	Endo
c273	2	eL6
c274	11	Oligo
c275	1	Endo
c276	11	Oligo
c277	8sub3	VIP
c278	1	Endo
c279	2	eL6
c280	12	Micro
c281	3	Oligo
c282	4	eL5
c283	1	Endo
c284	1	Endo
c285	3	Oligo
c286	1	Endo
c287	9	eL2/3
c288	3	Oligo
c289	5	Astro
c290	9	eL2/3
c291	4	eL5
c292	8sub3	VIP
c293	1	Endo
c294	1	Endo
c295	3	Oligo
c296	1	Endo
c297	1	Endo
c298	8sub2	SST
c299	9	eL2/3
c300	1	Endo
c301	3	Oligo
c302	6	eL4
c303	12	Micro
c304	3	Oligo
c305	4	eL5
c306	9	eL2/3
c307	1	Endo
c308	1	Endo
c309	5	Astro
c310	2	eL6
c311	1	Endo
c312	1	Endo
c313	3	Oligo
c314	2	eL6
c315	8sub3	VIP
c316	12	Micro
c317	1	Endo
c318	8sub1	PVALB
c319	3	Oligo
c320	2	eL6
c321	1	Endo
c322	1	Endo
c323	5	Astro
c324	9	eL2/3
c325	6	eL4
c326	11	Oligo
c327	2	eL6
c328	2	eL6
c329	7	eL4
c330	9	eL2/3
c331	1	Endo
c332	3	Oligo
c333	3	Oligo
c334	11	Oligo
c335	2	eL6
c336	11	Oligo
c337	2	eL6
c338	4	eL5
c339	5	Astro
c340	1	Endo
c341	8sub1	PVALB
c342	12	Micro
c343	8sub2	SST
c344	3	Oligo
c345	11	Oligo
c346	2	eL6
c347	1	Endo
c348	1	Endo
c349	6	eL4
c350	9	eL2/3
c351	3	Oligo
c352	1	Endo
c353	7	eL4
c354	1	Endo
c355	2	eL6
c356	6	eL4
c357	7	eL4
c358	7	eL4
c359	1	Endo
c360	2	eL6
c361	1	Endo
c362	5	Astro
c363	3	Oligo
c364	5	Astro
c365	9	eL2/3
c366	4	eL5
c367	8sub3	VIP
c368	7	eL4
c369	9	eL2/3
c370	11	Oligo
c371	5	Astro
c372	8sub6	PVALB
c373	7	eL4
c374	1	Endo
c375	1	Endo
c376	6	eL4
c377	4	eL5
c378	11	Oligo
c379	8sub6	PVALB
c380	8sub3	VIP
c381	4	eL5
c382	7	eL4
c383	5	Astro
c384	2	eL6
c385	5	Astro
c386	7	eL4
c387	9	eL2/3
c388	4	eL5
c389	7	eL4
c390	10	eL2/3
c391	10	eL2/3
c392	6	eL4
c393	1	Endo
c394	1	Endo
c395	9	eL2/3
c396	4	eL5
c397	4	eL5
c398	12	Micro
c399	7	eL4
c400	11	Oligo
c401	1	Endo
c402	3	Oligo
c403	4	eL5
c404	3	Oligo
c405	2	eL6
c406	3	Oligo
c407	12	Micro
c408	6	eL4
c409	2	eL6
c410	2	eL6
c411	4	eL5
c412	7	eL4
c413	9	eL2/3
c414	3	Oligo
c415	1	Endo
c416	8sub1	PVALB
c417	2	eL6
c418	6	eL4
c419	12	Micro
c420	2	eL6
c421	8sub3	VIP
c422	4	eL5
c423	12	Micro
c424	8sub6	PVALB
c425	4	eL5
c426	11	Oligo
c427	7	eL4
c428	9	eL2/3
c429	9	eL2/3
c430	5	Astro
c431	11	Oligo
c432	9	eL2/3
c433	2	eL6
c434	12	Micro
c435	1	Endo
c436	5	Astro
c437	8sub1	PVALB
c438	1	Endo
c439	3	Oligo
c440	5	Astro
c441	2	eL6
c442	1	Endo
c443	8sub3	VIP
c444	1	Endo
c445	1	Endo
c446	6	eL4
c447	8sub5	NPY
c448	2	eL6
c449	7	eL4
c450	3	Oligo
c451	4	eL5
c452	5	Astro
c453	9	eL2/3
c454	5	Astro
c455	5	Astro
c456	8sub5	NPY
c457	1	Endo
c458	5	Astro
c459	6	eL4
c460	3	Oligo
c461	11	Oligo
c462	8sub3	VIP
c463	3	Oligo
c464	9	eL2/3
c465	3	Oligo
c466	8sub2	SST
c467	1	Endo
c468	1	Endo
c469	6	eL4
c470	3	Oligo
c471	8sub1	PVALB
c472	9	eL2/3
c473	2	eL6
c474	1	Endo
c475	2	eL6
c476	12	Micro
c477	9	eL2/3
c478	1	Endo
c479	7	eL4
c480	8sub1	PVALB
c481	4	eL5
c482	4	eL5
c483	8sub5	NPY
c484	2	eL6
c485	4	eL5
c486	8sub6	PVALB
c487	9	eL2/3
c488	6	eL4
c489	7	eL4
c490	3	Oligo
c491	4	eL5
c492	11	Oligo
c493	10	eL2/3
c494	3	Oligo
c495	6	eL4
c496	7	eL4
c497	12	Micro
c498	11	Oligo
c499	4	eL5
c500	5	Astro
c501	1	Endo
c502	8sub4	RELN
c503	2	eL6
c504	6	eL4
c505	4	eL5
c506	7	eL4
c507	3	Oligo
c508	6	eL4
c509	2	eL6
c510	9	eL2/3
c511	2	eL6
c512	3	Oligo
c513	2	eL6
c514	9	eL2/3
c515	6	eL4
c516	1	Endo
c517	5	Astro
c518	7	eL4
c519	4	eL5
c520	7	eL4
c521	5	Astro
c522	9	eL2/3
c523	2	eL6
c524	2	eL6
c525	7	eL4
c526	1	Endo
c527	5	Astro
c528	6	eL4
c529	6	eL4
c530	6	eL4
c531	7	eL4
c532	11	Oligo
c533	2	eL6
c534	5	Astro
c535	9	eL2/3
c536	5	Astro
c537	3	Oligo
c538	4	eL5
c539	7	eL4
c540	2	eL6
c541	6	eL4
c542	3	Oligo
c543	9	eL2/3
c544	4	eL5
c545	1	Endo
c546	7	eL4
c547	2	eL6
c548	7	eL4
c549	3	Oligo
c550	1	Endo
c551	6	eL4
c552	1	Endo
c553	4	eL5
c554	2	eL6
c555	7	eL4
c556	6	eL4
c557	6	eL4
c558	2	eL6
c559	5	Astro
c560	5	Astro
c561	1	Endo
c562	6	eL4
c563	5	Astro
c564	5	Astro
c565	4	eL5
c566	2	eL6
c567	3	Oligo
c568	6	eL4
c569	8sub5	NPY
c570	2	eL6
c571	5	Astro
c572	11	Oligo
c573	12	Micro
c574	6	eL4
c575	8sub3	VIP
c576	9	eL2/3
c577	4	eL5
c578	11	Oligo
c579	9	eL2/3
c580	5	Astro
c581	6	eL4
c582	7	eL4
c583	9	eL2/3
c584	9	eL2/3
c585	11	Oligo
c586	3	Oligo
c587	11	Oligo
c588	6	eL4
c589	12	Micro
c590	2	eL6
c591	8sub5	NPY
c592	5	Astro
c593	10	eL2/3
c594	1	Endo
c595	4	eL5
c596	8sub2	SST
c597	7	eL4
c598	9	eL2/3
c599	10	eL2/3
c600	4	eL5
c601	2	eL6
c602	12	Micro
c603	3	Oligo
c604	4	eL5
c605	7	eL4
c606	5	Astro
c607	3	Oligo
c608	5	Astro
c609	1	Endo
c610	6	eL4
c611	9	eL2/3
c612	6	eL4
c613	4	eL5
c614	2	eL6
c615	12	Micro
c616	5	Astro
c617	5	Astro
c618	1	Endo
c619	3	Oligo
c620	2	eL6
c621	4	eL5
c622	9	eL2/3
c623	3	Oligo
c624	9	eL2/3
c625	10	eL2/3
c626	6	eL4
c627	1	Endo
c628	11	Oligo
c629	3	Oligo
c630	11	Oligo
c631	9	eL2/3
c632	1	Endo
c633	3	Oligo
c634	12	Micro
c635	4	eL5
c636	11	Oligo
c637	4	eL5
c638	9	eL2/3
c639	8sub1	PVALB
c640	5	Astro
c641	7	eL4
c642	6	eL4
c643	6	eL4
c644	5	Astro
c645	11	Oligo
c646	4	eL5
c647	6	eL4
c648	6	eL4
c649	3	Oligo
c650	4	eL5
c651	3	Oligo
c652	6	eL4
c653	1	Endo
c654	3	Oligo
c655	4	eL5
c656	12	Micro
c657	11	Oligo
c658	3	Oligo
c659	8sub5	NPY
c660	1	Endo
c661	9	eL2/3
c662	4	eL5
c663	1	Endo
c664	2	eL6
c665	2	eL6
c666	1	Endo
c667	9	eL2/3
c668	1	Endo
c669	3	Oligo
c670	8sub1	PVALB
c671	10	eL2/3
c672	3	Oligo
c673	5	Astro
c674	1	Endo
c675	1	Endo
c676	2	eL6
c677	6	eL4
c678	6	eL4
c679	3	Oligo
c680	2	eL6
c681	7	eL4
c682	8sub6	PVALB
c683	11	Oligo
c684	9	eL2/3
c685	7	eL4
c686	8sub5	NPY
c687	7	eL4
c688	4	eL5
c689	3	Oligo
c690	8sub1	PVALB
c691	8sub2	SST
c692	4	eL5
c693	6	eL4
c694	3	Oligo
c695	12	Micro
c696	10	eL2/3
c697	12	Micro
c698	5	Astro
c699	2	eL6
c700	4	eL5
c701	8sub2	SST
c702	11	Oligo
c703	3	Oligo
c704	6	eL4
c705	7	eL4
c706	1	Endo
c707	11	Oligo
c708	12	Micro
c709	1	Endo
c710	3	Oligo
c711	1	Endo
c712	11	Oligo
c713	4	eL5
c714	3	Oligo
c715	3	Oligo
c716	7	eL4
c717	1	Endo
c718	1	Endo
c719	4	eL5
c720	4	eL5
c721	5	Astro
c722	6	eL4
c723	2	eL6
c724	1	Endo
c725	4	eL5
c726	1	Endo
c727	7	eL4
c728	2	eL6
c729	2	eL6
c730	3	Oligo
c731	1	Endo
c732	6	eL4
c733	3	Oligo
c734	7	eL4
c735	5	Astro
c736	7	eL4
c737	10	eL2/3
c738	3	Oligo
c739	7	eL4
c740	12	Micro
c741	1	Endo
c742	7	eL4
c743	3	Oligo
c744	2	eL6
c745	7	eL4
c746	4	eL5
c747	4	eL5
c748	5	Astro
c749	5	Astro
c750	3	Oligo
c751	5	Astro
c752	10	eL2/3
c753	12	Micro
c754	8sub4	RELN
c755	3	Oligo
c756	1	Endo
c757	11	Oligo
c758	5	Astro
c759	1	Endo
c760	11	Oligo
c761	6	eL4
c762	6	eL4
c763	3	Oligo
c764	6	eL4
c765	4	eL5
c766	1	Endo
c767	6	eL4
c768	10	eL2/3
c769	5	Astro
c770	12	Micro
c771	6	eL4
c772	11	Oligo
c773	1	Endo
c774	6	eL4
c775	4	eL5
c776	11	Oligo
c777	10	eL2/3
c778	10	eL2/3
c779	1	Endo
c780	1	Endo
c781	2	eL6
c782	5	Astro
c783	3	Oligo
c784	6	eL4
c785	1	Endo
c786	2	eL6
c787	8sub1	PVALB
c788	4	eL5
c789	6	eL4
c790	12	Micro
c791	5	Astro
c792	4	eL5
c793	11	Oligo
c794	1	Endo
c795	6	eL4
c796	4	eL5
c797	10	eL2/3
c798	10	eL2/3
c799	4	eL5
c800	9	eL2/3
c801	5	Astro
c802	2	eL6
c803	4	eL5
c804	6	eL4
c805	2	eL6
c806	6	eL4
c807	6	eL4
c808	7	eL4
c809	6	eL4
c810	8sub5	NPY
c811	8sub4	RELN
c812	4	eL5
c813	7	eL4
c814	4	eL5
c815	2	eL6
c816	8sub1	PVALB
c817	5	Astro
c818	6	eL4
c819	3	Oligo
c820	12	Micro
c821	10	eL2/3
c822	10	eL2/3
c823	3	Oligo
c824	3	Oligo
c825	1	Endo
c826	5	Astro
c827	7	eL4
c828	2	eL6
c829	1	Endo
c830	10	eL2/3
c831	7	eL4
c832	4	eL5
c833	1	Endo
c834	1	Endo
c835	12	Micro
c836	2	eL6
c837	4	eL5
c838	10	eL2/3
c839	1	Endo
c840	9	eL2/3
c841	5	Astro
c842	3	Oligo
c843	2	eL6
c844	5	Astro
c845	6	eL4
c846	5	Astro
c847	10	eL2/3
c848	5	Astro
c849	1	Endo
c850	7	eL4
c851	1	Endo
c852	8sub6	PVALB
c853	8sub1	PVALB
c854	8sub1	PVALB
c855	2	eL6
c856	6	eL4
c857	12	Micro
c858	11	Oligo
c859	10	eL2/3
c860	6	eL4
c861	7	eL4
c862	1	Endo
c863	2	eL6
c864	5	Astro
c865	2	eL6
c866	6	eL4
c867	2	eL6
c868	10	eL2/3
c869	10	eL2/3
c870	8sub3	VIP
c871	3	Oligo
c872	8sub4	RELN
c873	10	eL2/3
c874	5	Astro
c875	6	eL4
c876	12	Micro
c877	12	Micro
c878	2	eL6
c879	9	eL2/3
c880	8sub1	PVALB
c881	4	eL5
c882	6	eL4
c883	8sub3	VIP
c884	3	Oligo
c885	12	Micro
c886	10	eL2/3
c887	6	eL4
c888	4	eL5
c889	7	eL4
c890	11	Oligo
c891	8sub3	VIP
c892	10	eL2/3
c893	3	Oligo
c894	1	Endo
c895	1	Endo
c896	7	eL4
c897	3	Oligo
c898	8sub2	SST
c899	1	Endo
c900	3	Oligo
c901	5	Astro
c902	2	eL6
c903	11	Oligo
c904	2	eL6
c905	2	eL6
c906	2	eL6
c907	8sub1	PVALB
c908	10	eL2/3
c909	5	Astro
c910	7	eL4
c911	7	eL4
c912	10	eL2/3
c913	3	Oligo
c914	11	Oligo
c915	3	Oligo
c916	10	eL2/3
c917	7	eL4
c918	10	eL2/3
c919	11	Oligo
c920	1	Endo
c921	10	eL2/3
c922	8sub4	RELN
c923	10	eL2/3
c924	7	eL4
c925	7	eL4
c926	12	Micro
c927	8sub1	PVALB
c928	6	eL4
c929	2	eL6
c930	4	eL5
c931	11	Oligo
c932	5	Astro
c933	7	eL4
c934	3	Oligo
c935	10	eL2/3
c936	4	eL5
c937	10	eL2/3
c938	8sub2	SST
c939	9	eL2/3
c940	3	Oligo
c941	4	eL5
c942	8sub6	PVALB
c943	6	eL4
c944	4	eL5
c945	6	eL4
c946	10	eL2/3
c947	10	eL2/3
c948	2	eL6
c949	10	eL2/3
c950	8sub3	VIP
c951	2	eL6
c952	10	eL2/3
c953	5	Astro
c954	3	Oligo
c955	5	Astro
c956	7	eL4
c957	3	Oligo
c958	6	eL4
c959	7	eL4
c960	7	eL4
c961	7	eL4
c962	6	eL4
c963	7	eL4
c964	1	Endo
c965	10	eL2/3
c966	12	Micro
c967	3	Oligo
c968	8sub6	PVALB
c969	2	eL6
c970	4	eL5
c971	5	Astro
c972	6	eL4
c973	5	Astro
c974	5	Astro
c975	8sub6	PVALB
c976	3	Oligo
c977	4	eL5
c978	5	Astro
c979	4	eL5
c980	2	eL6
c981	5	Astro
c982	10	eL2/3
c983	5	Astro
c984	7	eL4
c985	5	Astro
c986	4	eL5
c987	1	Endo
c988	2	eL6
c989	8sub1	PVALB
c990	5	Astro
c991	1	Endo
c992	9	eL2/3
c993	2	eL6
c994	12	Micro
c995	8sub1	PVALB
c996	7	eL4
c997	1	Endo
c998	2	eL6
c999	7	eL4
c1000	3	Oligo
c1001	7	eL4
c1002	10	eL2/3
c1003	2	eL6
c1004	11	Oligo
c1005	2	eL6
c1006	7	eL4
c1007	12	Micro
c1008	4	eL5
c1009	7	eL4
c1010	6	eL4
c1011	2	eL6
c1012	7	eL4
c1013	10	eL2/3
c1014	8sub3	VIP
c1015	5	Astro
c1016	11	Oligo
c1017	5	Astro
c1018	8sub3	VIP
c1019	1	Endo
c1020	9	eL2/3
c1021	3	Oligo
c1022	8sub1	PVALB
c1023	2	eL6
c1024	9	eL2/3
c1025	6	eL4
c1026	11	Oligo
c1027	8sub1	PVALB
c1028	4	eL5
c1029	3	Oligo
c1030	6	eL4
c1031	4	eL5
c1032	7	eL4
c1033	7	eL4
c1034	3	Oligo
c1035	2	eL6
c1036	10	eL2/3
c1037	10	eL2/3
c1038	12	Micro
c1039	5	Astro
c1040	3	Oligo
c1041	7	eL4
c1042	3	Oligo
c1043	1	Endo
c1044	8sub2	SST
c1045	7	eL4
c1046	4	eL5
c1047	7	eL4
c1048	9	eL2/3
c1049	9	eL2/3
c1050	5	Astro
c1051	2	eL6
c1052	6	eL4
c1053	2	eL6
c1054	13	Smc
c1055	2	eL6
c1056	5	Astro
c1057	8sub2	SST
c1058	4	eL5
c1059	1	Endo
c1060	1	Endo
c1061	8sub1	PVALB
c1062	4	eL5
c1063	5	Astro
c1064	10	eL2/3
c1065	4	eL5
c1066	11	Oligo
c1067	2	eL6
c1068	3	Oligo
c1069	1	Endo
c1070	10	eL2/3
c1071	3	Oligo
c1072	2	eL6
c1073	8sub4	RELN
c1074	4	eL5
c1075	7	eL4
c1076	2	eL6
c1077	11	Oligo
c1078	4	eL5
c1079	1	Endo
c1080	1	Endo
c1081	11	Oligo
c1082	1	Endo
c1083	11	Oligo
c1084	5	Astro
c1085	7	eL4
c1086	9	eL2/3
c1087	3	Oligo
c1088	3	Oligo
c1089	2	eL6
c1090	9	eL2/3
c1091	8sub4	RELN
c1092	6	eL4
c1093	2	eL6
c1094	11	Oligo
c1095	2	eL6
c1096	3	Oligo
c1097	2	eL6
c1098	4	eL5
c1099	6	eL4
c1100	10	eL2/3
c1101	10	eL2/3
c1102	2	eL6
c1103	2	eL6
c1104	9	eL2/3
c1105	12	Micro
c1106	8sub5	NPY
c1107	2	eL6
c1108	4	eL5
c1109	5	Astro
c1110	12	Micro
c1111	11	Oligo
c1112	1	Endo
c1113	10	eL2/3
c1114	7	eL4
c1115	2	eL6
c1116	9	eL2/3
c1117	9	eL2/3
c1118	4	eL5
c1119	6	eL4
c1120	3	Oligo
c1121	2	eL6
c1122	5	Astro
c1123	8sub6	PVALB
c1124	5	Astro
c1125	3	Oligo
c1126	1	Endo
c1127	10	eL2/3
c1128	5	Astro
c1129	9	eL2/3
c1130	3	Oligo
c1131	8sub1	PVALB
c1132	8sub4	RELN
c1133	4	eL5
c1134	4	eL5
c1135	3	Oligo
c1136	6	eL4
c1137	4	eL5
c1138	1	Endo
c1139	9	eL2/3
c1140	11	Oligo
c1141	7	eL4
c1142	10	eL2/3
c1143	3	Oligo
c1144	7	eL4
c1145	6	eL4
c1146	2	eL6
c1147	4	eL5
c1148	5	Astro
c1149	6	eL4
c1150	4	eL5
c1151	2	eL6
c1152	6	eL4
c1153	5	Astro
c1154	8sub2	SST
c1155	10	eL2/3
c1156	10	eL2/3
c1157	5	Astro
c1158	4	eL5
c1159	6	eL4
c1160	4	eL5
c1161	8sub6	PVALB
c1162	6	eL4
c1163	6	eL4
c1164	4	eL5
c1165	6	eL4
c1166	5	Astro
c1167	5	Astro
c1168	3	Oligo
c1169	6	eL4
c1170	1	Endo
c1171	7	eL4
c1172	7	eL4
c1173	2	eL6
c1174	8sub4	RELN
c1175	7	eL4
c1176	5	Astro
c1177	5	Astro
c1178	3	Oligo
c1179	11	Oligo
c1180	4	eL5
c1181	6	eL4
c1182	5	Astro
c1183	2	eL6
c1184	3	Oligo
c1185	4	eL5
c1186	8sub3	VIP
c1187	10	eL2/3
c1188	2	eL6
c1189	7	eL4
c1190	7	eL4
c1191	4	eL5
c1192	10	eL2/3
c1193	13	Smc
c1194	3	Oligo
c1195	10	eL2/3
c1196	2	eL6
c1197	11	Oligo
c1198	5	Astro
c1199	9	eL2/3
c1200	4	eL5
c1201	4	eL5
c1202	5	Astro
c1203	3	Oligo
c1204	9	eL2/3
c1205	7	eL4
c1206	10	eL2/3
c1207	4	eL5
c1208	1	Endo
c1209	6	eL4
c1210	1	Endo
c1211	8sub2	SST
c1212	10	eL2/3
c1213	6	eL4
c1214	7	eL4
c1215	10	eL2/3
c1216	8sub3	VIP
c1217	12	Micro
c1218	12	Micro
c1219	9	eL2/3
c1220	2	eL6
c1221	10	eL2/3
c1222	10	eL2/3
c1223	6	eL4
c1224	3	Oligo
c1225	1	Endo
c1226	4	eL5
c1227	3	Oligo
c1228	4	eL5
c1229	11	Oligo
c1230	4	eL5
c1231	9	eL2/3
c1232	12	Micro
c1233	3	Oligo
c1234	8sub1	PVALB
c1235	12	Micro
c1236	4	eL5
c1237	1	Endo
c1238	3	Oligo
c1239	8sub1	PVALB
c1240	2	eL6
c1241	1	Endo
c1242	4	eL5
c1243	4	eL5
c1244	12	Micro
c1245	9	eL2/3
c1246	2	eL6
c1247	4	eL5
c1248	1	Endo
c1249	5	Astro
c1250	1	Endo
c1251	13	Smc
c1252	1	Endo
c1253	3	Oligo
c1254	11	Oligo
c1255	5	Astro
c1256	3	Oligo
c1257	12	Micro
c1258	2	eL6
c1259	2	eL6
c1260	4	eL5
c1261	10	eL2/3
c1262	5	Astro
c1263	7	eL4
c1264	9	eL2/3
c1265	3	Oligo
c1266	10	eL2/3
c1267	1	Endo
c1268	10	eL2/3
c1269	4	eL5
c1270	2	eL6
c1271	5	Astro
c1272	5	Astro
c1273	6	eL4
c1274	9	eL2/3
c1275	10	eL2/3
c1276	10	eL2/3
c1277	3	Oligo
c1278	2	eL6
c1279	6	eL4
c1280	13	Smc
c1281	5	Astro
c1282	2	eL6
c1283	6	eL4
c1284	5	Astro
c1285	5	Astro
c1286	12	Micro
c1287	4	eL5
c1288	2	eL6
c1289	2	eL6
c1290	8sub2	SST
c1291	12	Micro
c1292	6	eL4
c1293	2	eL6
c1294	9	eL2/3
c1295	7	eL4
c1296	2	eL6
c1297	7	eL4
c1298	2	eL6
c1299	7	eL4
c1300	1	Endo
c1301	13	Smc
c1302	3	Oligo
c1303	5	Astro
c1304	4	eL5
c1305	10	eL2/3
c1306	3	Oligo
c1307	4	eL5
c1308	2	eL6
c1309	4	eL5
c1310	5	Astro
c1311	2	eL6
c1312	7	eL4
c1313	5	Astro
c1314	10	eL2/3
c1315	13	Smc
c1316	2	eL6
c1317	8sub1	PVALB
c1318	3	Oligo
c1319	3	Oligo
c1320	9	eL2/3
c1321	11	Oligo
c1322	3	Oligo
c1323	7	eL4
c1324	5	Astro
c1325	6	eL4
c1326	9	eL2/3
c1327	8sub3	VIP
c1328	8sub1	PVALB
c1329	2	eL6
c1330	8sub4	RELN
c1331	10	eL2/3
c1332	3	Oligo
c1333	6	eL4
c1334	10	eL2/3
c1335	4	eL5
c1336	10	eL2/3
c1337	10	eL2/3
c1338	13	Smc
c1339	13	Smc
c1340	1	Endo
c1341	6	eL4
c1342	5	Astro
c1343	3	Oligo
c1344	1	Endo
c1345	8sub4	RELN
c1346	3	Oligo
c1347	9	eL2/3
c1348	7	eL4
c1349	10	eL2/3
c1350	10	eL2/3
c1351	3	Oligo
c1352	6	eL4
c1353	9	eL2/3
c1354	4	eL5
c1355	7	eL4
c1356	7	eL4
c1357	8sub2	SST
c1358	10	eL2/3
c1359	3	Oligo
c1360	2	eL6
c1361	8sub5	NPY
c1362	11	Oligo
c1363	4	eL5
c1364	4	eL5
c1365	12	Micro
c1366	1	Endo
c1367	6	eL4
c1368	12	Micro
c1369	2	eL6
c1370	2	eL6
c1371	7	eL4
c1372	3	Oligo
c1373	1	Endo
c1374	5	Astro
c1375	3	Oligo
c1376	11	Oligo
c1377	7	eL4
c1378	3	Oligo
c1379	8sub4	RELN
c1380	10	eL2/3
c1381	2	eL6
c1382	2	eL6
c1383	1	Endo
c1384	7	eL4
c1385	3	Oligo
c1386	13	Smc
c1387	7	eL4
c1388	5	Astro
c1389	10	eL2/3
c1390	2	eL6
c1391	6	eL4
c1392	4	eL5
c1393	7	eL4
c1394	3	Oligo
c1395	12	Micro
c1396	11	Oligo
c1397	2	eL6
c1398	4	eL5
c1399	13	Smc
c1400	2	eL6
c1401	2	eL6
c1402	8sub4	RELN
c1403	1	Endo
c1404	1	Endo
c1405	11	Oligo
c1406	1	Endo
c1407	3	Oligo
c1408	5	Astro
c1409	8sub5	NPY
c1410	1	Endo
c1411	4	eL5
c1412	2	eL6
c1413	7	eL4
c1414	5	Astro
c1415	10	eL2/3
c1416	5	Astro
c1417	8sub5	NPY
c1418	5	Astro
c1419	6	eL4
c1420	10	eL2/3
c1421	3	Oligo
c1422	6	eL4
c1423	2	eL6
c1424	11	Oligo
c1425	1	Endo
c1426	5	Astro
c1427	12	Micro
c1428	1	Endo
c1429	3	Oligo
c1430	6	eL4
c1431	7	eL4
c1432	3	Oligo
c1433	6	eL4
c1434	1	Endo
c1435	8sub4	RELN
c1436	6	eL4
c1437	10	eL2/3
c1438	1	Endo
c1439	12	Micro
c1440	1	Endo
c1441	12	Micro
c1442	1	Endo
c1443	3	Oligo
c1444	3	Oligo
c1445	1	Endo
c1446	4	eL5
c1447	3	Oligo
c1448	8sub1	PVALB
c1449	1	Endo
c1450	4	eL5
c1451	8sub2	SST
c1452	4	eL5
c1453	5	Astro
c1454	7	eL4
c1455	10	eL2/3
c1456	8sub2	SST
c1457	5	Astro
c1458	5	Astro
c1459	3	Oligo
c1460	3	Oligo
c1461	8sub1	PVALB
c1462	5	Astro
c1463	4	eL5
c1464	2	eL6
c1465	6	eL4
c1466	3	Oligo
c1467	10	eL2/3
c1468	1	Endo
c1469	2	eL6
c1470	8sub1	PVALB
c1471	4	eL5
c1472	8sub3	VIP
c1473	13	Smc
c1474	8sub5	NPY
c1475	4	eL5
c1476	1	Endo
c1477	6	eL4
c1478	7	eL4
c1479	3	Oligo
c1480	4	eL5
c1481	10	eL2/3
c1482	3	Oligo
c1483	6	eL4
c1484	10	eL2/3
c1485	5	Astro
c1486	4	eL5
c1487	4	eL5
c1488	1	Endo
c1489	9	eL2/3
c1490	5	Astro
c1491	5	Astro
c1492	13	Smc
c1493	11	Oligo
c1494	5	Astro
c1495	3	Oligo
c1496	7	eL4
c1497	2	eL6
c1498	2	eL6
c1499	5	Astro
c1500	11	Oligo
c1501	1	Endo
c1502	12	Micro
c1503	6	eL4
c1504	2	eL6
c1505	4	eL5
c1506	7	eL4
c1507	5	Astro
c1508	2	eL6
c1509	9	eL2/3
c1510	13	Smc
c1511	8sub2	SST
c1512	6	eL4
c1513	3	Oligo
c1514	5	Astro
c1515	3	Oligo
c1516	4	eL5
c1517	5	Astro
c1518	10	eL2/3
c1519	3	Oligo
c1520	1	Endo
c1521	5	Astro
c1522	4	eL5
c1523	4	eL5
c1524	8sub4	RELN
c1525	2	eL6
c1526	1	Endo
c1527	3	Oligo
c1528	2	eL6
c1529	5	Astro
c1530	3	Oligo
c1531	6	eL4
c1532	6	eL4
c1533	2	eL6
c1534	9	eL2/3
c1535	1	Endo
c1536	2	eL6
c1537	9	eL2/3
c1538	6	eL4
c1539	3	Oligo
c1540	4	eL5
c1541	8sub1	PVALB
c1542	9	eL2/3
c1543	3	Oligo
c1544	3	Oligo
c1545	3	Oligo
c1546	2	eL6
c1547	9	eL2/3
c1548	10	eL2/3
